,j,Polarity,Coverage,Overlaps,Conflicts,Correct,Incorrect,Emp. Acc.
mentions_cheque_or_cash_deposit_with_missing_balance_update,0,[np.int64(6)],0.005194805194805195,0.005194805194805195,0.005194805194805195,2,0,1.0
asks_where_deposit_money_is_after_cheque_or_cash_lodgement,1,[np.int64(6)],0.005194805194805195,0.005194805194805195,0.0025974025974025974,2,0,1.0
time_delay_since_cheque_deposit_emphasized,2,[np.int64(6)],0.005194805194805195,0.005194805194805195,0.0025974025974025974,2,0,1.0
balance_not_showing_after_explicit_cheque_deposit_action,3,[np.int64(6)],0.01038961038961039,0.01038961038961039,0.007792207792207792,4,0,1.0
why_balance_not_updated_due_to_cheque_keyword_focus,4,[np.int64(6)],0.01038961038961039,0.01038961038961039,0.007792207792207792,4,0,1.0
explicit_transfer_failed_or_error_messages,5,[np.int64(35)],0.01038961038961039,0.01038961038961039,0.005194805194805195,2,2,0.5
multiple_attempts_transfer_still_failing,6,[np.int64(35)],0.007792207792207792,0.007792207792207792,0.005194805194805195,2,1,0.6666666666666666
system_issue_preventing_transfer_completion,7,[np.int64(35)],0.005194805194805195,0.005194805194805195,0.0025974025974025974,2,0,1.0
question_why_transfer_wont_go_through_now,8,[np.int64(35)],0.007792207792207792,0.007792207792207792,0.005194805194805195,3,0,1.0
transfer_blocking_time_sensitive_goal,9,[np.int64(35)],0.0025974025974025974,0.0025974025974025974,0.0,1,0,1.0
Asking_transfer_delivery_time_general,10,[np.int64(67)],0.0025974025974025974,0.0025974025974025974,0.0025974025974025974,0,1,0.0
When_funds_available_in_account_from_transfer,11,[np.int64(67)],0.01038961038961039,0.01038961038961039,0.01038961038961039,2,2,0.5
Region_specific_transfer_speed_US,12,[np.int64(67)],0.0025974025974025974,0.0025974025974025974,0.0025974025974025974,1,0,1.0
Region_specific_transfer_speed_Europe,13,[np.int64(67)],0.005194805194805195,0.005194805194805195,0.005194805194805195,1,1,0.5
Expected_arrival_time_to_my_account,14,[np.int64(67)],0.005194805194805195,0.005194805194805195,0.005194805194805195,1,1,0.5
ATM_dispensed_less_than_requested,15,[np.int64(75)],0.007792207792207792,0.007792207792207792,0.007792207792207792,2,1,0.6666666666666666
Got_some_cash_but_not_full_amount,16,[np.int64(75)],0.012987012987012988,0.012987012987012988,0.012987012987012988,4,1,0.8
Questioning_wrong_amount_from_ATM,17,[np.int64(75)],0.005194805194805195,0.005194805194805195,0.005194805194805195,1,1,0.5
Explicit_amount_mismatch_example,18,[np.int64(75)],0.0025974025974025974,0.0025974025974025974,0.0025974025974025974,0,1,0.0
Partial_withdrawal_issue_language,19,[np.int64(75)],0.007792207792207792,0.007792207792207792,0.007792207792207792,3,0,1.0
Explicit ATM withdrawal fee complaint,20,[np.int64(19)],0.01038961038961039,0.01038961038961039,0.01038961038961039,4,0,1.0
Surprised expectation of free ATM withdrawal,21,[np.int64(19)],0.01038961038961039,0.01038961038961039,0.01038961038961039,4,0,1.0
Caps/emphasis query about ATM fee,22,[np.int64(19)],0.0025974025974025974,0.0025974025974025974,0.0025974025974025974,1,0,1.0
Short ATM fee at point of withdrawal,23,[],0.0,0.0,0.0,0,0,0.0
Why do I pay to withdraw cash,24,[],0.0,0.0,0.0,0,0,0.0
ATM_withdrawal_declined_general,25,[np.int64(26)],0.015584415584415584,0.012987012987012988,0.012987012987012988,4,2,0.6666666666666666
Multiple_ATMs_declined_checks,26,[np.int64(26)],0.0025974025974025974,0.0025974025974025974,0.0025974025974025974,1,0,1.0
First_time_use_ATM_declined,27,[np.int64(26)],0.0025974025974025974,0.0025974025974025974,0.0025974025974025974,1,0,1.0
ATM_cannot_get_cash_plain,28,[],0.0,0.0,0.0,0,0,0.0
Questioning_account_status_after_ATM_decline,29,[np.int64(26)],0.0025974025974025974,0.0025974025974025974,0.0025974025974025974,1,0,1.0
mentions_top_up_reverted_or_reversal,30,[np.int64(61)],0.005194805194805195,0.005194805194805195,0.005194805194805195,1,1,0.5
top_up_failed_with_error_message,31,[np.int64(61)],0.046753246753246755,0.04415584415584416,0.04155844155844156,3,15,0.16666666666666669
cannot_top_up_or_unable_to_add_money,32,[np.int64(61)],0.0025974025974025974,0.0,0.0,1,0,1.0
top_up_money_missing_or_disappeared,33,[np.int64(61)],0.0025974025974025974,0.0025974025974025974,0.0025974025974025974,0,1,0.0
crypto_top_up_not_working_and_funds_reverted,34,[np.int64(61)],0.0025974025974025974,0.0025974025974025974,0.0,1,0,1.0
asks_about_auto_top_up_feature_location,35,[np.int64(4)],0.007792207792207792,0.005194805194805195,0.0025974025974025974,2,1,0.6666666666666666
inquiry_about_enabling_auto_top_up,36,[np.int64(4)],0.0025974025974025974,0.0,0.0,1,0,1.0
auto_top_up_limits_question,37,[np.int64(4)],0.0025974025974025974,0.0025974025974025974,0.0025974025974025974,1,0,1.0
auto_top_up_general_overview_request,38,[np.int64(4)],0.005194805194805195,0.005194805194805195,0.0,2,0,1.0
low_balance_triggered_auto_top_up,39,[np.int64(4)],0.007792207792207792,0.007792207792207792,0.005194805194805195,1,2,0.33333333333333337
link_existing_card_in_app,40,[np.int64(13)],0.0025974025974025974,0.0025974025974025974,0.0025974025974025974,1,0,1.0
activate_card_in_app_general,41,[np.int64(13)],0.0025974025974025974,0.0025974025974025974,0.0025974025974025974,0,1,0.0
reactivate_card_found_after_loss,42,[np.int64(13)],0.0025974025974025974,0.0025974025974025974,0.0,1,0,1.0
found_lost_card_keep_or_dispose,43,[np.int64(13)],0.01038961038961039,0.01038961038961039,0.007792207792207792,2,2,0.5
enable_newly_received_card,44,[np.int64(13)],0.005194805194805195,0.005194805194805195,0.005194805194805195,1,1,0.5
card_payment_reverted_to_account,45,[np.int64(53)],0.007792207792207792,0.007792207792207792,0.005194805194805195,2,1,0.6666666666666666
card_payment_cancelled_or_didnt_work_with_immediate_return,46,[np.int64(53)],0.005194805194805195,0.005194805194805195,0.005194805194805195,1,1,0.5
online_purchase_reversal_card_context,47,[],0.0,0.0,0.0,0,0,0.0
why_was_card_payment_reverted_question,48,[np.int64(53)],0.0025974025974025974,0.0025974025974025974,0.0,1,0,1.0
repeated_issue_card_payments_reverting,49,[np.int64(53)],0.0025974025974025974,0.0025974025974025974,0.0,1,0,1.0
Asking_origin_of_funds_general,50,[np.int64(70)],0.005194805194805195,0.0,0.0,2,0,1.0
Locating_source_info_in_app,51,[np.int64(70)],0.0025974025974025974,0.0025974025974025974,0.0,1,0,1.0
Origin_of_transfers_direction,52,[np.int64(70)],0.0025974025974025974,0.0,0.0,1,0,1.0
Tracing_flow_of_funds,53,[np.int64(70)],0.0025974025974025974,0.0025974025974025974,0.0025974025974025974,1,0,1.0
Clarifying_provenance_phrase_variants,54,[np.int64(70)],0.005194805194805195,0.005194805194805195,0.0025974025974025974,1,1,0.5
asks_if_cash_top_up_supported,55,[np.int64(58)],0.0025974025974025974,0.0025974025974025974,0.0025974025974025974,1,0,1.0
asks_if_cheque_top_up_supported,56,[np.int64(58)],0.005194805194805195,0.0025974025974025974,0.0025974025974025974,2,0,1.0
seeks_location_or_channel_to_deposit_cash_or_cheque,57,[],0.0,0.0,0.0,0,0,0.0
cannot_find_cash_or_cheque_top_up_option_in_app,58,[np.int64(58)],0.0025974025974025974,0.0025974025974025974,0.0025974025974025974,1,0,1.0
general_add_money_query_implying_non_card_non_transfer_methods,59,[],0.0,0.0,0.0,0,0,0.0
balance_not_updated_after_bank_transfer_phrases,60,[np.int64(5)],0.02077922077922078,0.01818181818181818,0.012987012987012988,3,5,0.375
transfer_completed_but_missing_in_app_or_account,61,[np.int64(5)],0.007792207792207792,0.007792207792207792,0.005194805194805195,2,1,0.6666666666666666
time_since_transfer_hours_same_day,62,[],0.0,0.0,0.0,0,0,0.0
asking_when_balance_will_update_after_transfer,63,[np.int64(5)],0.01818181818181818,0.01818181818181818,0.015584415584415584,2,5,0.2857142857142857
no_error_decline_pending_mentions_with_transfer,64,[np.int64(5)],0.005194805194805195,0.005194805194805195,0.0025974025974025974,2,0,1.0
Explicit mention of direct debit dispute,65,[np.int64(28)],0.015584415584415584,0.01038961038961039,0.01038961038961039,1,5,0.16666666666666669
Unknown direct debit on statement,66,[np.int64(28)],0.012987012987012988,0.012987012987012988,0.012987012987012988,1,4,0.2
Unrecognized debit charge not tied to card use,67,[np.int64(28)],0.01038961038961039,0.01038961038961039,0.01038961038961039,0,4,0.0
Request to cancel and refund an unrecognized debit,68,[np.int64(28)],0.01038961038961039,0.01038961038961039,0.01038961038961039,0,4,0.0
How-to guidance for disputing a debit from account,69,[np.int64(28)],0.01038961038961039,0.01038961038961039,0.01038961038961039,0,4,0.0
requesting_own_bank_details_for_incoming_transfer,70,[np.int64(65)],0.005194805194805195,0.0025974025974025974,0.0025974025974025974,1,1,0.5
how_to_top_up_via_bank_transfer_instructions,71,[np.int64(65)],0.007792207792207792,0.005194805194805195,0.0025974025974025974,2,1,0.6666666666666666
add_money_from_external_bank_to_own_account,72,[np.int64(65)],0.005194805194805195,0.005194805194805195,0.0025974025974025974,1,1,0.5
acceptable_methods_to_add_money_query,73,[np.int64(65)],0.005194805194805195,0.005194805194805195,0.005194805194805195,1,1,0.5
assistance_with_topping_up_by_bank_transfer,74,[np.int64(65)],0.005194805194805195,0.005194805194805195,0.005194805194805195,1,1,0.5
ask_how_to_top_up_by_card,75,[np.int64(62)],0.02077922077922078,0.01818181818181818,0.01818181818181818,1,7,0.125
card_top_up_missing_balance_immediately_after_top_up,76,[np.int64(62)],0.0025974025974025974,0.0025974025974025974,0.0025974025974025974,0,1,0.0
money_disappeared_after_card_top_up_noncrypto,77,[np.int64(62)],0.005194805194805195,0.005194805194805195,0.005194805194805195,1,1,0.5
third_party_can_add_money_to_my_account_via_card_top_up,78,[np.int64(62)],0.005194805194805195,0.0025974025974025974,0.0025974025974025974,1,1,0.5
where_to_find_recent_card_top_up_in_app,79,[np.int64(62)],0.005194805194805195,0.005194805194805195,0.005194805194805195,1,1,0.5
Salary_or_employer_payments_inquiries,80,[np.int64(50)],0.005194805194805195,0.005194805194805195,0.005194805194805195,1,1,0.5
Inbound_transfer_from_other_person_question,81,[np.int64(50)],0.005194805194805195,0.0025974025974025974,0.0025974025974025974,1,1,0.5
Receiving_supported_currencies_info,82,[np.int64(50)],0.01038961038961039,0.01038961038961039,0.007792207792207792,2,2,0.5
Setup_or_configuration_for_receiving_funds,83,[np.int64(50)],0.01038961038961039,0.007792207792207792,0.005194805194805195,2,2,0.5
Clarifying_need_to_enable_receiving_feature,84,[np.int64(50)],0.007792207792207792,0.007792207792207792,0.007792207792207792,0,3,0.0
Refund_not_appearing_on_statement,85,[np.int64(51)],0.005194805194805195,0.005194805194805195,0.0025974025974025974,1,1,0.5
Waiting_for_refund_generic,86,[np.int64(51)],0.005194805194805195,0.005194805194805195,0.0025974025974025974,1,1,0.5
Refund_not_showing_in_app_or_account,87,[np.int64(51)],0.015584415584415584,0.012987012987012988,0.0025974025974025974,5,1,0.8333333333333333
Asking_who_to_contact_about_missing_refund,88,[np.int64(51)],0.005194805194805195,0.005194805194805195,0.0025974025974025974,1,1,0.5
Multiple_refunds_missing_from_statement,89,[np.int64(51)],0.005194805194805195,0.005194805194805195,0.0025974025974025974,1,1,0.5
asks_minimum_age_for_account,90,[np.int64(1)],0.01038961038961039,0.007792207792207792,0.0025974025974025974,3,1,0.75
parent_guardian_asking_child_eligibility,91,[np.int64(1)],0.0025974025974025974,0.0025974025974025974,0.0025974025974025974,0,1,0.0
teenager_account_eligibility,92,[np.int64(1)],0.005194805194805195,0.0025974025974025974,0.0025974025974025974,1,1,0.5
age_requirement_for_service_usage,93,[np.int64(1)],0.007792207792207792,0.007792207792207792,0.0025974025974025974,2,1,0.6666666666666666
opening_account_for_multiple_children,94,[np.int64(1)],0.005194805194805195,0.0025974025974025974,0.0025974025974025974,1,1,0.5
Card_payment_wrong_fx_keywords,95,[np.int64(17)],0.012987012987012988,0.012987012987012988,0.01038961038961039,4,1,0.8
Unclear_if_correct_rate_applied_to_card_purchase,96,[np.int64(17)],0.005194805194805195,0.005194805194805195,0.0025974025974025974,1,1,0.5
Direct_statement_wrong_exchange_rate_for_purchase,97,[np.int64(17)],0.01038961038961039,0.01038961038961039,0.007792207792207792,3,1,0.75
Query_today_specific_fx_for_purchase_context,98,[np.int64(17)],0.005194805194805195,0.005194805194805195,0.0025974025974025974,1,1,0.5
Exchange_rate_issue_linked_to_item_or_goods_bought,99,[np.int64(17)],0.015584415584415584,0.015584415584415584,0.01038961038961039,3,3,0.5
recipient_has_not_received_transfer,100,[np.int64(66)],0.01038961038961039,0.01038961038961039,0.01038961038961039,2,2,0.5
outgoing_transfer_completed_not_showing_anywhere,101,[np.int64(66)],0.005194805194805195,0.005194805194805195,0.005194805194805195,1,1,0.5
domestic_bank_transfer_missing_despite_correct_details,102,[np.int64(66)],0.005194805194805195,0.005194805194805195,0.005194805194805195,1,1,0.5
where_is_my_sent_money_query,103,[np.int64(66)],0.005194805194805195,0.005194805194805195,0.005194805194805195,1,1,0.5
awaiting_completion_of_already_initiated_transfer,104,[np.int64(66)],0.005194805194805195,0.0025974025974025974,0.0025974025974025974,1,1,0.5
Generic_card_not_working_statement,105,[np.int64(14)],0.023376623376623377,0.023376623376623377,0.02077922077922078,4,5,0.4444444444444444
Seeking_help_to_restore_card_function,106,[np.int64(14)],0.007792207792207792,0.007792207792207792,0.005194805194805195,2,1,0.6666666666666666
Recent_change_from_working_to_not_working,107,[np.int64(14)],0.005194805194805195,0.005194805194805195,0.005194805194805195,1,1,0.5
Attempted_use_failed_without_channel_details,108,[np.int64(14)],0.0025974025974025974,0.0025974025974025974,0.0025974025974025974,0,1,0.0
Short_minimal_complaint_card_doesnt_work,109,[np.int64(14)],0.005194805194805195,0.005194805194805195,0.005194805194805195,1,1,0.5
mentions_charged_twice_or_double_charge,110,[np.int64(63)],0.012987012987012988,0.012987012987012988,0.012987012987012988,4,1,0.8
duplicate_transaction_on_statement,111,[np.int64(63)],0.015584415584415584,0.015584415584415584,0.015584415584415584,5,1,0.8333333333333333
declined_then_charged_twice_with_one_pending,112,[np.int64(63)],0.01038961038961039,0.01038961038961039,0.01038961038961039,1,3,0.25
request_to_remove_second_duplicate_charge,113,[np.int64(63)],0.01038961038961039,0.01038961038961039,0.01038961038961039,3,1,0.75
merchant_specific_double_charge_context,114,[np.int64(63)],0.005194805194805195,0.005194805194805195,0.005194805194805195,1,1,0.5
explicit_lost_or_stolen_phone_statement,115,[np.int64(42)],0.012987012987012988,0.01038961038961039,0.01038961038961039,4,1,0.8
concern_about_app_access_on_missing_phone,116,[np.int64(42)],0.005194805194805195,0.005194805194805195,0.0025974025974025974,1,1,0.5
request_guidance_after_phone_loss,117,[np.int64(42)],0.007792207792207792,0.007792207792207792,0.007792207792207792,2,1,0.6666666666666666
brief_phone_missing_alert,118,[np.int64(42)],0.0025974025974025974,0.0025974025974025974,0.0025974025974025974,0,1,0.0
uncertain_phone_whereabouts_query,119,[np.int64(42)],0.005194805194805195,0.005194805194805195,0.0025974025974025974,1,1,0.5
Ask_country_availability_US,120,[np.int64(24)],0.005194805194805195,0.005194805194805195,0.005194805194805195,0,2,0.0
Order_card_from_abroad,121,[np.int64(24)],0.01038961038961039,0.01038961038961039,0.01038961038961039,1,3,0.25
Eligibility_living_in_US,122,[np.int64(24)],0.01038961038961039,0.01038961038961039,0.01038961038961039,2,2,0.5
Global_presence_locations_generic,123,[np.int64(24)],0.005194805194805195,0.0025974025974025974,0.0025974025974025974,1,1,0.5
Sign_up_from_US,124,[np.int64(24)],0.005194805194805195,0.005194805194805195,0.005194805194805195,1,1,0.5
explicit_declined_transfer_terms,125,[np.int64(27)],0.015584415584415584,0.015584415584415584,0.015584415584415584,3,3,0.5
asking_why_transfer_declined,126,[np.int64(27)],0.023376623376623377,0.023376623376623377,0.023376623376623377,3,6,0.33333333333333337
decline_message_on_transfer,127,[np.int64(27)],0.0025974025974025974,0.0025974025974025974,0.0025974025974025974,0,1,0.0
transfer_failed_but_not_pending_or_delayed,128,[np.int64(27)],0.02857142857142857,0.02857142857142857,0.02857142857142857,0,11,0.0
multiple_attempts_declined_transfer_context,129,[np.int64(27)],0.0025974025974025974,0.0025974025974025974,0.0025974025974025974,0,1,0.0
mentions_unrecognized_card_payment,130,[np.int64(16)],0.02077922077922078,0.01818181818181818,0.01038961038961039,4,4,0.5
suspected_card_compromise_due_to_unrecognized_payments,131,[np.int64(16)],0.007792207792207792,0.007792207792207792,0.0025974025974025974,2,1,0.6666666666666666
request_guidance_for_unrecognized_card_transactions,132,[np.int64(16)],0.01038961038961039,0.01038961038961039,0.005194805194805195,1,3,0.25
asks_to_hold_or_block_card_due_to_unknown_card_payments,133,[np.int64(16)],0.005194805194805195,0.005194805194805195,0.005194805194805195,1,1,0.5
generic_query_about_strange_charge_likely_card_payment,134,[np.int64(16)],0.0025974025974025974,0.0025974025974025974,0.0025974025974025974,0,1,0.0
App_exchange_feature_inquiry,135,[np.int64(33)],0.005194805194805195,0.005194805194805195,0.005194805194805195,1,1,0.5
Supported_currency_pairs_question,136,[np.int64(33)],0.012987012987012988,0.012987012987012988,0.012987012987012988,1,4,0.2
List_of_currencies_exchangable,137,[np.int64(33)],0.005194805194805195,0.005194805194805195,0.005194805194805195,0,2,0.0
General_currency_exchange_capability,138,[np.int64(33)],0.012987012987012988,0.012987012987012988,0.012987012987012988,2,3,0.4
US_UK_currency_naming_variants,139,[np.int64(33)],0.007792207792207792,0.007792207792207792,0.007792207792207792,1,2,0.33333333333333337
mentions_virtual_card_not_working,140,[np.int64(72)],0.01038961038961039,0.01038961038961039,0.01038961038961039,3,1,0.75
mentions_disposable_virtual_card_not_working,141,[np.int64(72)],0.01038961038961039,0.01038961038961039,0.01038961038961039,3,1,0.75
uses_rejection_language_for_virtual_card,142,[np.int64(72)],0.0025974025974025974,0.0025974025974025974,0.0025974025974025974,0,1,0.0
requests_help_due_to_virtual_card_malfunction,143,[np.int64(72)],0.01038961038961039,0.01038961038961039,0.01038961038961039,3,1,0.75
functionality_failure_without_setup_query_virtual_card,144,[np.int64(72)],0.007792207792207792,0.007792207792207792,0.007792207792207792,2,1,0.6666666666666666
explicit_refund_request_generic,145,[np.int64(52)],0.012987012987012988,0.01038961038961039,0.01038961038961039,3,2,0.6
refund_for_purchase_or_item,146,[np.int64(52)],0.007792207792207792,0.007792207792207792,0.007792207792207792,2,1,0.6666666666666666
urgent_refund_needed_now,147,[np.int64(52)],0.005194805194805195,0.005194805194805195,0.005194805194805195,1,1,0.5
refund_question_short_form,148,[np.int64(52)],0.005194805194805195,0.005194805194805195,0.005194805194805195,1,1,0.5
cancel_then_refund_purchase,149,[np.int64(52)],0.015584415584415584,0.012987012987012988,0.012987012987012988,1,5,0.16666666666666669
app_does_not_recognize_user_identity,150,[np.int64(68)],0.007792207792207792,0.005194805194805195,0.005194805194805195,2,1,0.6666666666666666
explicit_inability_to_verify_identity_first_person,151,[np.int64(68)],0.01818181818181818,0.01818181818181818,0.01818181818181818,3,4,0.4285714285714286
identity_verification_problem_general_statement,152,[np.int64(68)],0.012987012987012988,0.012987012987012988,0.012987012987012988,1,4,0.2
trouble_proving_identity_synonyms,153,[np.int64(68)],0.005194805194805195,0.005194805194805195,0.005194805194805195,1,1,0.5
future_or_modal_inability_to_verify,154,[np.int64(68)],0.007792207792207792,0.007792207792207792,0.007792207792207792,2,1,0.6666666666666666
mentions_card_payment_pending_status,155,[np.int64(45)],0.01038961038961039,0.01038961038961039,0.007792207792207792,3,1,0.75
asks_meaning_of_pending_payment_card_context,156,[np.int64(45)],0.005194805194805195,0.0025974025974025974,0.0025974025974025974,1,1,0.5
why_card_payment_taking_long,157,[np.int64(45)],0.005194805194805195,0.005194805194805195,0.005194805194805195,1,1,0.5
card_payment_not_gone_through_due_to_pending,158,[np.int64(45)],0.04155844155844156,0.04155844155844156,0.03896103896103896,1,15,0.0625
recent_card_purchase_pending_duration_emphasis,159,[np.int64(45)],0.0025974025974025974,0.0025974025974025974,0.0025974025974025974,0,1,0.0
Asking_which_fiat_currencies_are_supported,160,[np.int64(36)],0.015584415584415584,0.015584415584415584,0.015584415584415584,2,4,0.33333333333333337
Inquiry_about_supported_fiat_for_holding_balances,161,[np.int64(36)],0.012987012987012988,0.012987012987012988,0.012987012987012988,1,4,0.2
Inquiry_about_supported_fiat_for_exchange_pairs,162,[np.int64(36)],0.012987012987012988,0.012987012987012988,0.012987012987012988,1,4,0.2
Question_about_multi_currency_support_in_fiat,163,[np.int64(36)],0.012987012987012988,0.012987012987012988,0.012987012987012988,1,4,0.2
Use_of_terms_fiduciary_fiat_supported_for_hold_and_exchange,164,[np.int64(36)],0.012987012987012988,0.012987012987012988,0.012987012987012988,1,4,0.2
requesting_additional_physical_cards,165,[np.int64(39)],0.012987012987012988,0.012987012987012988,0.012987012987012988,4,1,0.8
second_card_for_family_member,166,[np.int64(39)],0.005194805194805195,0.005194805194805195,0.005194805194805195,1,1,0.5
another_card_same_account_not_replacement,167,[np.int64(39)],0.005194805194805195,0.005194805194805195,0.005194805194805195,1,1,0.5
plural_card_request_keywords,168,[np.int64(39)],0.007792207792207792,0.007792207792207792,0.007792207792207792,2,1,0.6666666666666666
general_interest_in_extra_card_issuance,169,[np.int64(39)],0.007792207792207792,0.007792207792207792,0.007792207792207792,2,1,0.6666666666666666
Asking_max_top_up_amount,170,[np.int64(60)],0.007792207792207792,0.007792207792207792,0.007792207792207792,2,1,0.6666666666666666
Query_top_up_limits_time_period,171,[np.int64(60)],0.005194805194805195,0.005194805194805195,0.005194805194805195,1,1,0.5
Are_top_ups_unlimited,172,[np.int64(60)],0.005194805194805195,0.005194805194805195,0.005194805194805195,1,1,0.5
Request_to_increase_top_up_limit,173,[np.int64(60)],0.005194805194805195,0.005194805194805195,0.005194805194805195,1,1,0.5
General_inquiry_top_up_limit_amount,174,[np.int64(60)],0.0025974025974025974,0.0025974025974025974,0.0025974025974025974,0,1,0.0
Explicit_beneficiary_not_allowed_language,175,[np.int64(7)],0.01038961038961039,0.01038961038961039,0.01038961038961039,2,2,0.5
Asking_reason_for_beneficiary_disallowed,176,[np.int64(7)],0.007792207792207792,0.005194805194805195,0.005194805194805195,1,2,0.33333333333333337
Self_initiated_transfer_blocked_to_specific_account,177,[np.int64(7)],0.005194805194805195,0.005194805194805195,0.005194805194805195,0,2,0.0
Transfer_prevention_focus_not_processing_delay,178,[np.int64(7)],0.005194805194805195,0.005194805194805195,0.005194805194805195,0,2,0.0
Beneficiary_access_or_permission_issue,179,[np.int64(7)],0.005194805194805195,0.005194805194805195,0.005194805194805195,0,2,0.0
Asking_where_to_withdraw_cash,180,[np.int64(3)],0.005194805194805195,0.005194805194805195,0.0025974025974025974,1,1,0.5
Request_for_ATM_locations,181,[np.int64(3)],0.01038961038961039,0.01038961038961039,0.007792207792207792,3,1,0.75
Which_ATMs_are_compatible_with_my_card,182,[np.int64(3)],0.007792207792207792,0.007792207792207792,0.005194805194805195,2,1,0.6666666666666666
Limits_on_ATM_usage_with_card,183,[np.int64(3)],0.005194805194805195,0.005194805194805195,0.005194805194805195,1,1,0.5
General_query_on_ATM_support_and_availability,184,[np.int64(3)],0.007792207792207792,0.007792207792207792,0.005194805194805195,2,1,0.6666666666666666
Asking_what_exchange_fee_is,185,[np.int64(31)],0.012987012987012988,0.012987012987012988,0.012987012987012988,2,3,0.4
Requesting_exchange_fee_discount_due_to_frequent_exchanges,186,[np.int64(31)],0.012987012987012988,0.007792207792207792,0.007792207792207792,3,2,0.6
Frequent_currency_exchange_seeking_better_pricing,187,[np.int64(31)],0.007792207792207792,0.007792207792207792,0.007792207792207792,1,2,0.33333333333333337
General_inquiry_about_exchange_fees_policies,188,[np.int64(31)],0.005194805194805195,0.005194805194805195,0.005194805194805195,0,2,0.0
Negotiating_lower_exchange_fees,189,[np.int64(31)],0.005194805194805195,0.005194805194805195,0.005194805194805195,0,2,0.0
small_extra_amount_on_statement,190,[np.int64(34)],0.007792207792207792,0.007792207792207792,0.0025974025974025974,2,1,0.6666666666666666
unexpected_fee_added_to_transaction,191,[np.int64(34)],0.005194805194805195,0.005194805194805195,0.0025974025974025974,1,1,0.5
questioning_reason_for_extra_charge,192,[np.int64(34)],0.01038961038961039,0.01038961038961039,0.005194805194805195,2,2,0.5
extra_charge_language_without_merchant_dispute,193,[np.int64(34)],0.023376623376623377,0.01818181818181818,0.01038961038961039,5,4,0.5555555555555556
overcharge_relative_to_set_orlisted_price,194,[np.int64(34)],0.005194805194805195,0.005194805194805195,0.0025974025974025974,1,1,0.5
Ask_How_To_Change_PIN,195,[np.int64(21)],0.015584415584415584,0.015584415584415584,0.015584415584415584,1,5,0.16666666666666669
Where_To_Change_PIN_Location,196,[np.int64(21)],0.012987012987012988,0.012987012987012988,0.012987012987012988,1,4,0.2
PIN_Change_Feature_Availability_By_Country_or_ATM,197,[np.int64(21)],0.02077922077922078,0.02077922077922078,0.02077922077922078,1,7,0.125
Compromised_PIN_Need_To_Change,198,[np.int64(21)],0.012987012987012988,0.012987012987012988,0.012987012987012988,1,4,0.2
General_Can_I_Change_PIN_Permission,199,[np.int64(21)],0.007792207792207792,0.007792207792207792,0.007792207792207792,1,2,0.33333333333333337
mentions transfer fee charged,200,[np.int64(64)],0.007792207792207792,0.007792207792207792,0.007792207792207792,2,1,0.6666666666666666
asks about transfer fee existence,201,[np.int64(64)],0.005194805194805195,0.005194805194805195,0.005194805194805195,1,1,0.5
unexpected deduction from transfer amount received,202,[np.int64(64)],0.005194805194805195,0.005194805194805195,0.005194805194805195,1,1,0.5
complaint about being charged when fee not expected on transfer,203,[np.int64(64)],0.023376623376623377,0.023376623376623377,0.023376623376623377,1,8,0.1111111111111111
general inquiry about reasons for extra charges on a transfer,204,[np.int64(64)],0.0025974025974025974,0.0025974025974025974,0.0025974025974025974,0,1,0.0
explicit_terminate_account_keywords,205,[np.int64(55)],0.015584415584415584,0.015584415584415584,0.01038961038961039,5,1,0.8333333333333333
no_longer_want_account_intent,206,[np.int64(55)],0.012987012987012988,0.012987012987012988,0.01038961038961039,4,1,0.8
delete_account_imperative_now,207,[np.int64(55)],0.012987012987012988,0.012987012987012988,0.007792207792207792,4,1,0.8
service_dissatisfaction_leads_to_closure,208,[np.int64(55)],0.01038961038961039,0.01038961038961039,0.007792207792207792,3,1,0.75
how_to_close_or_exit_service,209,[np.int64(55)],0.007792207792207792,0.007792207792207792,0.007792207792207792,2,1,0.6666666666666666
explicit_lost_or_stolen_card_statement,210,[np.int64(41)],0.012987012987012988,0.012987012987012988,0.012987012987012988,4,1,0.8
request_to_report_or_block_card_due_to_theft,211,[np.int64(41)],0.01038961038961039,0.01038961038961039,0.01038961038961039,3,1,0.75
asking_for_replacement_after_loss_theft,212,[np.int64(41)],0.007792207792207792,0.007792207792207792,0.007792207792207792,2,1,0.6666666666666666
seeking_help_locating_missing_card,213,[np.int64(41)],0.007792207792207792,0.005194805194805195,0.005194805194805195,2,1,0.6666666666666666
theft_report_with_police_and_provider,214,[np.int64(41)],0.005194805194805195,0.005194805194805195,0.005194805194805195,1,1,0.5
Ask_how_to_order_card_in_app,215,[np.int64(43)],0.01038961038961039,0.01038961038961039,0.01038961038961039,1,3,0.25
Request_assistance_ordering_card,216,[np.int64(43)],0.007792207792207792,0.007792207792207792,0.007792207792207792,2,1,0.6666666666666666
Where_will_card_be_delivered_locations_scope,217,[np.int64(43)],0.007792207792207792,0.007792207792207792,0.007792207792207792,1,2,0.33333333333333337
When_where_will_I_get_my_card_generic,218,[np.int64(43)],0.012987012987012988,0.012987012987012988,0.012987012987012988,1,4,0.2
What_needed_to_get_card_prerequisites,219,[np.int64(43)],0.005194805194805195,0.005194805194805195,0.005194805194805195,1,1,0.5
Mentions Apple Pay or Google Pay for top-ups,220,[np.int64(2)],0.012987012987012988,0.007792207792207792,0.007792207792207792,4,1,0.8
How to top up using Google Pay,221,[np.int64(2)],0.0025974025974025974,0.0025974025974025974,0.0025974025974025974,0,1,0.0
Apple Pay top-up feasibility or capability,222,[np.int64(2)],0.005194805194805195,0.005194805194805195,0.005194805194805195,1,1,0.5
Wallet-based top-up option inquiry (Apple/Google),223,[np.int64(2)],0.0025974025974025974,0.0025974025974025974,0.0025974025974025974,0,1,0.0
Apple Watch support for topping up via Apple Pay,224,[np.int64(2)],0.005194805194805195,0.0025974025974025974,0.0025974025974025974,1,1,0.5
Mentions contactless not working,225,[np.int64(23)],0.012987012987012988,0.012987012987012988,0.012987012987012988,4,1,0.8
Asks how to fix contactless,226,[np.int64(23)],0.007792207792207792,0.007792207792207792,0.007792207792207792,2,1,0.6666666666666666
Queries contactless settings/configuration,227,[np.int64(23)],0.005194805194805195,0.005194805194805195,0.005194805194805195,1,1,0.5
Suspects physical card damage affecting contactless,228,[np.int64(23)],0.005194805194805195,0.005194805194805195,0.005194805194805195,1,1,0.5
Reports recent failed tap attempt,229,[np.int64(23)],0.0025974025974025974,0.0025974025974025974,0.0025974025974025974,0,1,0.0
Direct_request_how_to_get_virtual_card,230,[np.int64(40)],0.015584415584415584,0.01038961038961039,0.007792207792207792,4,2,0.6666666666666666
Navigation_to_virtual_cards_in_app,231,[np.int64(40)],0.005194805194805195,0.0025974025974025974,0.0025974025974025974,1,1,0.5
Desire_to_obtain_virtual_card_without_problem_context,232,[np.int64(40)],0.007792207792207792,0.007792207792207792,0.005194805194805195,2,1,0.6666666666666666
Comparative_or_optimization_query_for_getting_virtual_card,233,[np.int64(40)],0.0025974025974025974,0.0025974025974025974,0.0025974025974025974,0,1,0.0
First_time_setup_of_virtual_card,234,[np.int64(40)],0.0025974025974025974,0.0025974025974025974,0.0025974025974025974,0,1,0.0
Unrecognized ATM cash withdrawal,235,[np.int64(20)],0.01038961038961039,0.007792207792207792,0.005194805194805195,3,1,0.75
Suspicious withdrawal + freeze or block request,236,[np.int64(20)],0.005194805194805195,0.005194805194805195,0.0025974025974025974,1,1,0.5
Generic ‘what is this withdrawal’ clarification,237,[np.int64(20)],0.005194805194805195,0.0025974025974025974,0.0025974025974025974,1,1,0.5
Disputed cash amount withdrawn (user denies withdrawing any cash),238,[np.int64(20)],0.005194805194805195,0.005194805194805195,0.005194805194805195,0,2,0.0
Unauthorized ATM withdrawal phrased as ‘cash taken from account’,239,[np.int64(20)],0.0025974025974025974,0.0025974025974025974,0.0025974025974025974,0,1,0.0
ATM_swallowed_card_verbs,240,[np.int64(18)],0.012987012987012988,0.012987012987012988,0.012987012987012988,4,1,0.8
Asking_what_to_do_after_ATM_kept_card,241,[np.int64(18)],0.007792207792207792,0.007792207792207792,0.007792207792207792,2,1,0.6666666666666666
ATM_didnt_return_card_simple_statement,242,[np.int64(18)],0.005194805194805195,0.005194805194805195,0.005194805194805195,1,1,0.5
ATM_swallowed_credit_or_debit_card_explicit,243,[np.int64(18)],0.0025974025974025974,0.0025974025974025974,0.0025974025974025974,0,1,0.0
Synonyms_for_ATM_card_retention,244,[np.int64(18)],0.0025974025974025974,0.0025974025974025974,0.0025974025974025974,0,1,0.0
explicit_extra_charge_on_card_payment,245,[np.int64(15)],0.007792207792207792,0.007792207792207792,0.007792207792207792,2,1,0.6666666666666666
query_about_card_payment_fee_disclosure,246,[np.int64(15)],0.005194805194805195,0.005194805194805195,0.005194805194805195,1,1,0.5
surprised_fee_on_purchase_with_card,247,[np.int64(15)],0.0025974025974025974,0.0025974025974025974,0.0025974025974025974,0,1,0.0
why_fee_for_paying_by_card,248,[np.int64(15)],0.005194805194805195,0.005194805194805195,0.005194805194805195,1,1,0.5
what_is_this_extra_charge_on_purchase,249,[np.int64(15)],0.005194805194805195,0.005194805194805195,0.005194805194805195,1,1,0.5
explicit_cancel_or_reverse_transfer,250,[np.int64(8)],0.01818181818181818,0.01818181818181818,0.01818181818181818,4,3,0.5714285714285714
wrong_recipient_or_wrong_account_transfer,251,[np.int64(8)],0.03116883116883117,0.02857142857142857,0.02857142857142857,2,10,0.16666666666666669
urgent_immediate_cancellation_request,252,[np.int64(8)],0.01038961038961039,0.01038961038961039,0.01038961038961039,3,1,0.75
no_in-app_option_to_cancel_transfer,253,[np.int64(8)],0.005194805194805195,0.005194805194805195,0.005194805194805195,1,1,0.5
generic_request_to_cancel_a_transaction,254,[np.int64(8)],0.0025974025974025974,0.0025974025974025974,0.0025974025974025974,0,1,0.0
suspected_card_compromise_language,255,[np.int64(22)],0.02077922077922078,0.02077922077922078,0.01818181818181818,5,3,0.625
unauthorized_charges_general_without_specific_txn,256,[np.int64(22)],0.01038961038961039,0.01038961038961039,0.007792207792207792,2,2,0.5
request_guidance_after_suspected_card_misuse,257,[np.int64(22)],0.01038961038961039,0.01038961038961039,0.01038961038961039,2,2,0.5
permission_based_phrasing_on_card_use,258,[np.int64(22)],0.0025974025974025974,0.0025974025974025974,0.0025974025974025974,0,1,0.0
card_info_access_concern,259,[np.int64(22)],0.0025974025974025974,0.0025974025974025974,0.0025974025974025974,0,1,0.0
Merchant_or_business_acceptance_query,260,[np.int64(10)],0.015584415584415584,0.015584415584415584,0.012987012987012988,4,2,0.6666666666666666
Geographic_or_location_where_card_can_be_used,261,[np.int64(10)],0.01038961038961039,0.01038961038961039,0.007792207792207792,3,1,0.75
General_acceptance_limits_or_restrictions,262,[np.int64(10)],0.007792207792207792,0.007792207792207792,0.007792207792207792,2,1,0.6666666666666666
Broad_acceptance_scope_question_without_specific_issue,263,[np.int64(10)],0.007792207792207792,0.007792207792207792,0.005194805194805195,2,1,0.6666666666666666
Acceptance_category_or_type_of_merchant_request,264,[np.int64(10)],0.007792207792207792,0.007792207792207792,0.005194805194805195,2,1,0.6666666666666666
Asking_general_exchange_rates,265,[np.int64(32)],0.007792207792207792,0.007792207792207792,0.007792207792207792,2,1,0.6666666666666666
Will_I_know_rate_before_transaction,266,[np.int64(32)],0.005194805194805195,0.005194805194805195,0.005194805194805195,1,1,0.5
Exchange_rate_policy_request,267,[np.int64(32)],0.005194805194805195,0.005194805194805195,0.005194805194805195,1,1,0.5
Exchange_rate_when_traveling_value_equivalence,268,[np.int64(32)],0.005194805194805195,0.005194805194805195,0.005194805194805195,1,1,0.5
Current_rate_availability_query,269,[np.int64(32)],0.0025974025974025974,0.0025974025974025974,0.0025974025974025974,0,1,0.0
explicit_top_up_failed_keywords,270,[np.int64(59)],0.01038961038961039,0.01038961038961039,0.01038961038961039,3,1,0.75
cannot_add_money_to_card_now,271,[np.int64(59)],0.005194805194805195,0.005194805194805195,0.005194805194805195,1,1,0.5
card_declined_for_top_up,272,[np.int64(59)],0.015584415584415584,0.015584415584415584,0.015584415584415584,1,5,0.16666666666666669
questioning_reason_top_up_did_not_work,273,[np.int64(59)],0.007792207792207792,0.007792207792207792,0.007792207792207792,2,1,0.6666666666666666
attempt_based_failure_without_reversion_or_pending,274,[np.int64(59)],0.01818181818181818,0.01818181818181818,0.01818181818181818,0,7,0.0
ATM cash withdrawal pending status inquiry,275,[np.int64(46)],0.007792207792207792,0.005194805194805195,0.0025974025974025974,2,1,0.6666666666666666
Declined ATM withdrawal still pending,276,[np.int64(46)],0.007792207792207792,0.007792207792207792,0.007792207792207792,2,1,0.6666666666666666
Concern about charges for pending cash withdrawal,277,[np.int64(46)],0.007792207792207792,0.007792207792207792,0.005194805194805195,2,1,0.6666666666666666
Used another bank’s ATM and pending hold remains,278,[np.int64(46)],0.005194805194805195,0.005194805194805195,0.005194805194805195,1,1,0.5
Timeline request for seeing a cash withdrawal post,279,[np.int64(46)],0.005194805194805195,0.005194805194805195,0.005194805194805195,1,1,0.5
explicit_new_card_activation_question,280,[np.int64(0)],0.01038961038961039,0.01038961038961039,0.0025974025974025974,3,1,0.75
app_based_card_activation_query,281,[np.int64(0)],0.007792207792207792,0.005194805194805195,0.005194805194805195,1,2,0.33333333333333337
cannot_use_new_card_due_to_activation_issue,282,[np.int64(0)],0.007792207792207792,0.007792207792207792,0.005194805194805195,2,1,0.6666666666666666
how_to_activate_card_generic,283,[np.int64(0)],0.01038961038961039,0.01038961038961039,0.0025974025974025974,3,1,0.75
activation_wording_variants_inquiry,284,[np.int64(0)],0.005194805194805195,0.005194805194805195,0.0025974025974025974,1,1,0.5
asks_disposable_card_limits_or_restrictions,285,[np.int64(29)],0.012987012987012988,0.012987012987012988,0.012987012987012988,4,1,0.8
queries_max_number_of_disposable_cards,286,[np.int64(29)],0.007792207792207792,0.007792207792207792,0.007792207792207792,2,1,0.6666666666666666
frequency_or_usage_limits_for_disposable_cards,287,[np.int64(29)],0.005194805194805195,0.005194805194805195,0.005194805194805195,1,1,0.5
eligibility_to_get_disposable_card_plus_quantity,288,[np.int64(29)],0.005194805194805195,0.005194805194805195,0.005194805194805195,1,1,0.5
general_inquiry_on_disposable_card_rules,289,[np.int64(29)],0.0025974025974025974,0.0025974025974025974,0.0025974025974025974,0,1,0.0
Asking_what_disposable_virtual_card_is,290,[np.int64(37)],0.005194805194805195,0.005194805194805195,0.005194805194805195,1,1,0.5
Request_to_provide_disposable_virtual_card,291,[np.int64(37)],0.005194805194805195,0.005194805194805195,0.005194805194805195,1,1,0.5
How_to_get_disposable_virtual_card,292,[np.int64(37)],0.005194805194805195,0.0025974025974025974,0.0025974025974025974,1,1,0.5
Where_to_access_disposable_virtual_card_in_app,293,[np.int64(37)],0.005194805194805195,0.0025974025974025974,0.0025974025974025974,1,1,0.5
Reasons_use_cases_for_disposable_card,294,[np.int64(37)],0.005194805194805195,0.005194805194805195,0.005194805194805195,1,1,0.5
Cash withdrawal exchange rate incorrect,295,[np.int64(76)],0.02077922077922078,0.02077922077922078,0.02077922077922078,5,3,0.625
Expected more cash due to exchange rate,296,[np.int64(76)],0.007792207792207792,0.007792207792207792,0.007792207792207792,2,1,0.6666666666666666
Exchange rate complaint during travel cash-out,297,[np.int64(76)],0.005194805194805195,0.005194805194805195,0.005194805194805195,1,1,0.5
Explicit ‘wrong exchange rate’ on ATM withdrawal,298,[np.int64(76)],0.0025974025974025974,0.0025974025974025974,0.0025974025974025974,0,1,0.0
High exchange rate caused lower cash payout,299,[np.int64(76)],0.0025974025974025974,0.0025974025974025974,0.0025974025974025974,0,1,0.0
In-store card payment declined,300,[np.int64(25)],0.0025974025974025974,0.0025974025974025974,0.0025974025974025974,1,0,1.0
Generic card payment ‘declined/rejected’ without ATM or transfer context,301,[np.int64(25)],0.01818181818181818,0.01818181818181818,0.01818181818181818,1,6,0.14285714285714285
Question asking why card payment was declined,302,[np.int64(25)],0.02857142857142857,0.025974025974025976,0.025974025974025976,2,9,0.18181818181818182
Card didn’t work at point of sale,303,[np.int64(25)],0.03116883116883117,0.03116883116883117,0.03116883116883117,2,10,0.16666666666666669
Card decline phrased as ‘card not working’ during payment,304,[np.int64(25)],0.02857142857142857,0.02857142857142857,0.02857142857142857,2,9,0.18181818181818182
ask_if_use_before_verification_complete,305,[np.int64(74)],0.007792207792207792,0.007792207792207792,0.007792207792207792,1,2,0.33333333333333337
questioning_need_for_extensive_identity_information,306,[np.int64(74)],0.007792207792207792,0.005194805194805195,0.005194805194805195,2,1,0.6666666666666666
concern_refusing_or_limiting_identity_disclosure,307,[np.int64(74)],0.007792207792207792,0.007792207792207792,0.007792207792207792,1,2,0.33333333333333337
requirement_to_complete_verification_before_full_access,308,[np.int64(74)],0.0025974025974025974,0.0025974025974025974,0.0025974025974025974,1,0,1.0
general_why_verify_many_questions_about_me,309,[np.int64(74)],0.0025974025974025974,0.0025974025974025974,0.0025974025974025974,0,1,0.0
replace_before_expiry,310,[np.int64(9)],0.005194805194805195,0.005194805194805195,0.0025974025974025974,2,0,1.0
order_new_card_via_app,311,[np.int64(9)],0.01038961038961039,0.01038961038961039,0.007792207792207792,3,1,0.75
card_delivery_time_and_cost_for_replacement,312,[np.int64(9)],0.02077922077922078,0.02077922077922078,0.02077922077922078,1,7,0.125
reorder_physical_card_general,313,[np.int64(9)],0.023376623376623377,0.023376623376623377,0.02077922077922078,2,7,0.2222222222222222
replacement_card_international_delivery,314,[np.int64(9)],0.005194805194805195,0.005194805194805195,0.005194805194805195,1,1,0.5
asks_how_long_top_up_takes,315,[np.int64(47)],0.0025974025974025974,0.0025974025974025974,0.0025974025974025974,1,0,1.0
top_up_missing_from_balance_after_successful_action,316,[np.int64(47)],0.01038961038961039,0.01038961038961039,0.01038961038961039,1,3,0.25
inquiry_about_top_up_pending_status,317,[np.int64(47)],0.0025974025974025974,0.0025974025974025974,0.0025974025974025974,1,0,1.0
first_time_top_up_not_working_context,318,[np.int64(47)],0.007792207792207792,0.007792207792207792,0.007792207792207792,1,2,0.33333333333333337
time_to_reflect_top_up_in_balance,319,[np.int64(47)],0.005194805194805195,0.005194805194805195,0.005194805194805195,1,1,0.5
Forgot_passcode_explicit,320,[np.int64(44)],0.007792207792207792,0.007792207792207792,0.007792207792207792,3,0,1.0
Reset_passcode_instruction_request,321,[np.int64(44)],0.007792207792207792,0.007792207792207792,0.007792207792207792,2,1,0.6666666666666666
No_current_passcode_can_it_be_reset,322,[np.int64(44)],0.0025974025974025974,0.0,0.0,1,0,1.0
Unable_to_access_app_due_to_passcode_issue,323,[],0.0,0.0,0.0,0,0,0.0
What_is_my_passcode_help_query,324,[],0.0,0.0,0.0,0,0,0.0
asks_documents_needed_for_identity_verification,325,[np.int64(69)],0.01038961038961039,0.01038961038961039,0.01038961038961039,3,1,0.75
requests_examples_of_acceptable_id_for_verification,326,[np.int64(69)],0.0025974025974025974,0.0025974025974025974,0.0025974025974025974,1,0,1.0
uncertainty_about_requirements_to_verify_identity,327,[np.int64(69)],0.005194805194805195,0.005194805194805195,0.005194805194805195,1,1,0.5
asks_for_proof_of_identity_requirements,328,[],0.0,0.0,0.0,0,0,0.0
general_query_on_identity_verification_requirements,329,[np.int64(69)],0.01038961038961039,0.01038961038961039,0.01038961038961039,1,3,0.25
Change_Address_Request,330,[np.int64(30)],0.01038961038961039,0.01038961038961039,0.005194805194805195,2,2,0.5
Edit_Personal_Details_Generic,331,[np.int64(30)],0.015584415584415584,0.012987012987012988,0.005194805194805195,5,1,0.8333333333333333
Account_Profile_Update_Action,332,[np.int64(30)],0.005194805194805195,0.005194805194805195,0.005194805194805195,1,1,0.5
Profile_Details_Editing_Short_Form,333,[np.int64(30)],0.007792207792207792,0.007792207792207792,0.005194805194805195,1,2,0.33333333333333337
Modify_Account_Info_First_Person,334,[np.int64(30)],0.012987012987012988,0.012987012987012988,0.007792207792207792,3,2,0.6
Asking_if_receiving_money_involves_fees,335,[np.int64(56)],0.005194805194805195,0.005194805194805195,0.005194805194805195,1,1,0.5
Top_up_by_bank_transfer_fee_query,336,[np.int64(56)],0.005194805194805195,0.005194805194805195,0.005194805194805195,1,1,0.5
Generic_transfer_fee_pricing_question_from_sender,337,[np.int64(56)],0.015584415584415584,0.015584415584415584,0.015584415584415584,1,5,0.16666666666666669
SEPA_incoming_transfer_fee_question,338,[np.int64(56)],0.0025974025974025974,0.0,0.0,1,0,1.0
Top_up_fee_unspecified_method_but_clearly_about_fee,339,[np.int64(56)],0.0025974025974025974,0.0025974025974025974,0.0025974025974025974,1,0,1.0
asks_need_to_verify_top_up,340,[np.int64(71)],0.0025974025974025974,0.0025974025974025974,0.0,1,0,1.0
why_verify_for_top_up_complaint,341,[np.int64(71)],0.012987012987012988,0.01038961038961039,0.01038961038961039,1,4,0.2
verify_card_top_up_process_query,342,[np.int64(71)],0.01038961038961039,0.007792207792207792,0.0025974025974025974,3,1,0.75
asks_where_find_verification_code_for_top_up_card,343,[np.int64(71)],0.0025974025974025974,0.0025974025974025974,0.0,1,0,1.0
general_card_verification_for_top_up_context,344,[np.int64(71)],0.0025974025974025974,0.0,0.0,1,0,1.0
explicit_card_not_arrived,345,[np.int64(11)],0.0025974025974025974,0.0025974025974025974,0.0025974025974025974,1,0,1.0
asking_where_is_card_after_order,346,[np.int64(11)],0.005194805194805195,0.005194805194805195,0.005194805194805195,2,0,1.0
delivery_delay_time_since_order,347,[np.int64(11)],0.0025974025974025974,0.0025974025974025974,0.0025974025974025974,1,0,1.0
request_card_tracking_info,348,[np.int64(11)],0.005194805194805195,0.0025974025974025974,0.0025974025974025974,1,1,0.5
when_will_new_card_arrive,349,[np.int64(11)],0.0025974025974025974,0.0025974025974025974,0.0025974025974025974,1,0,1.0
request_unblock_pin_direct,350,[np.int64(49)],0.015584415584415584,0.015584415584415584,0.015584415584415584,1,5,0.16666666666666669
pin_block_due_to_attempts,351,[np.int64(49)],0.0025974025974025974,0.0025974025974025974,0.0025974025974025974,1,0,1.0
how_to_unblock_guidance_query,352,[np.int64(49)],0.005194805194805195,0.005194805194805195,0.005194805194805195,2,0,1.0
help_unblocking_assistance_tone,353,[np.int64(49)],0.0025974025974025974,0.0025974025974025974,0.0025974025974025974,1,0,1.0
reactivate_pin_functionality,354,[],0.0,0.0,0.0,0,0,0.0
Ask_If_Card_Network_Used,355,[np.int64(73)],0.012987012987012988,0.012987012987012988,0.012987012987012988,2,3,0.4
Request_Choice_Between_Visa_and_Mastercard,356,[],0.0,0.0,0.0,0,0,0.0
Inquiry_About_Getting_Both_Visa_and_Mastercard,357,[np.int64(73)],0.0025974025974025974,0.0025974025974025974,0.0025974025974025974,1,0,1.0
Preference_For_Specific_Network,358,[np.int64(73)],0.0025974025974025974,0.0025974025974025974,0.0025974025974025974,1,0,1.0
Clarify_If_Only_Visa_or_Also_Mastercard,359,[np.int64(73)],0.005194805194805195,0.005194805194805195,0.005194805194805195,1,1,0.5
ask_estimated_delivery_time,360,[np.int64(12)],0.007792207792207792,0.007792207792207792,0.007792207792207792,1,2,0.33333333333333337
request_specific_delivery_date,361,[np.int64(12)],0.0025974025974025974,0.0,0.0,1,0,1.0
urgent_or_expedited_card_delivery,362,[np.int64(12)],0.005194805194805195,0.0025974025974025974,0.0025974025974025974,2,0,1.0
new_card_arrival_wait_time,363,[np.int64(12)],0.0025974025974025974,0.0025974025974025974,0.0025974025974025974,1,0,1.0
card_expected_arrival_query,364,[np.int64(12)],0.007792207792207792,0.007792207792207792,0.007792207792207792,1,2,0.33333333333333337
Uses keyword 'pending' about a bank transfer,365,[np.int64(48)],0.025974025974025976,0.025974025974025976,0.025974025974025976,3,7,0.3
Asks why transfer has not been received yet (no decline/failure),366,[np.int64(48)],0.03896103896103896,0.03896103896103896,0.03896103896103896,2,13,0.13333333333333336
Mentions checking/confirming correct account details yet transfer waiting,367,[np.int64(48)],0.01038961038961039,0.01038961038961039,0.01038961038961039,2,2,0.5
Asks about standard transfer processing times by transfer type (SEPA/SWIFT),368,[np.int64(48)],0.012987012987012988,0.012987012987012988,0.012987012987012988,1,4,0.2
States transfer is pending in cross-border/another country context,369,[np.int64(48)],0.005194805194805195,0.005194805194805195,0.005194805194805195,1,1,0.5
asks_supported_cards_and_currencies,370,[np.int64(54)],0.007792207792207792,0.007792207792207792,0.007792207792207792,1,2,0.33333333333333337
acceptable_cards_for_topping_up,371,[np.int64(54)],0.01038961038961039,0.01038961038961039,0.01038961038961039,1,3,0.25
currencies_allowed_for_top_up,372,[np.int64(54)],0.01038961038961039,0.01038961038961039,0.01038961038961039,2,2,0.5
general_supported_currencies_query,373,[np.int64(54)],0.02857142857142857,0.02857142857142857,0.02857142857142857,0,11,0.0
what_card_or_currency_can_I_use_to_pay,374,[np.int64(54)],0.007792207792207792,0.007792207792207792,0.007792207792207792,1,2,0.33333333333333337
Asking_card_topup_fee_amount_US,375,[np.int64(57)],0.005194805194805195,0.005194805194805195,0.005194805194805195,1,1,0.5
Card_topup_fee_for_international_cards,376,[np.int64(57)],0.005194805194805195,0.005194805194805195,0.005194805194805195,2,0,1.0
General_query_on_fee_for_topping_up_by_card,377,[np.int64(57)],0.0025974025974025974,0.0025974025974025974,0.0025974025974025974,1,0,1.0
Clarifying_if_card_topups_incur_fees,378,[np.int64(57)],0.005194805194805195,0.005194805194805195,0.005194805194805195,1,1,0.5
Fee_rate_request_for_card_topup_in_specific_country,379,[np.int64(57)],0.0025974025974025974,0.0025974025974025974,0.0025974025974025974,1,0,1.0
Asking_how_to_get_physical_card,380,[np.int64(38)],0.03896103896103896,0.03896103896103896,0.03896103896103896,0,15,0.0
Asking_if_card_arrives_before_PIN,381,[np.int64(38)],0.0025974025974025974,0.0025974025974025974,0.0025974025974025974,1,0,1.0
Locating_PIN_on_new_physical_card_mailer,382,[np.int64(38)],0.0025974025974025974,0.0025974025974025974,0.0025974025974025974,1,0,1.0
Timeline_or_wait_time_for_initial_PIN_after_getting_card,383,[np.int64(38)],0.005194805194805195,0.0025974025974025974,0.0025974025974025974,2,0,1.0
General_missing_or_waiting_for_initial_PIN_related_to_getting_card,384,[],0.0,0.0,0.0,0,0,0.0
